ROC_AUC,Precision,Recall,True_Negative,False_Positive,False_Negative,True_Positive
0.8400099851218368,0.6498516320474778,0.4689507494646681,1173,118,248,219
